Timestamp,Node,Metric,Value
2026-04-28 11:29:46,Node A (Pompe),Humidité Sol,30.2
2026-04-28 11:29:46,Node A (Pompe),Pression,0.3
2026-04-28 11:29:46,Node A (Pompe),Débit,12.9
2026-04-28 11:29:46,Node A (Pompe),Temp Sol,24.4
2026-04-28 11:29:46,Node B (Rucher),Poids Ruche,46.8
2026-04-28 11:29:46,Node B (Rucher),Temp Couvain,34.2
2026-04-28 11:29:46,Node B (Rucher),Temp Ext,30.9
2026-04-28 11:29:46,Node B (Rucher),Humidité Ext,60.4
2026-04-28 11:50:07,Node A (Pompe),Humidité Sol,45.0
2026-04-28 11:50:07,Node A (Pompe),Pression,0.3
2026-04-28 11:50:07,Node A (Pompe),Débit,15.6
2026-04-28 11:50:07,Node A (Pompe),Temp Sol,25.7
2026-04-28 11:50:07,Node B (Rucher),Poids Ruche,47.9
2026-04-28 11:50:07,Node B (Rucher),Temp Couvain,35.5
2026-04-28 11:50:07,Node B (Rucher),Temp Ext,28.4
2026-04-28 11:50:07,Node B (Rucher),Humidité Ext,62.9
2026-04-28 11:50:18,Node A (Pompe),Humidité Sol,40.4
2026-04-28 11:50:18,Node A (Pompe),Pression,0.5
2026-04-28 11:50:18,Node A (Pompe),Débit,13.3
2026-04-28 11:50:18,Node A (Pompe),Temp Sol,23.9
2026-04-28 11:50:18,Node B (Rucher),Poids Ruche,42.5
2026-04-28 11:50:18,Node B (Rucher),Temp Couvain,35.0
2026-04-28 11:50:18,Node B (Rucher),Temp Ext,29.1
2026-04-28 11:50:18,Node B (Rucher),Humidité Ext,68.2
2026-04-28 11:50:28,Node A (Pompe),Humidité Sol,64.9
2026-04-28 11:50:28,Node A (Pompe),Pression,0.5
2026-04-28 11:50:28,Node A (Pompe),Débit,8.6
2026-04-28 11:50:28,Node A (Pompe),Temp Sol,22.1
2026-04-28 11:50:28,Node B (Rucher),Poids Ruche,46.7
2026-04-28 11:50:28,Node B (Rucher),Temp Couvain,35.1
2026-04-28 11:50:28,Node B (Rucher),Temp Ext,23.8
2026-04-28 11:50:28,Node B (Rucher),Humidité Ext,54.6
2026-04-28 11:50:38,Node A (Pompe),Humidité Sol,31.4
2026-04-28 11:50:38,Node A (Pompe),Pression,0.4
2026-04-28 11:50:38,Node A (Pompe),Débit,7.4
2026-04-28 11:50:38,Node A (Pompe),Temp Sol,25.3
2026-04-28 11:50:38,Node B (Rucher),Poids Ruche,42.3
2026-04-28 11:50:38,Node B (Rucher),Temp Couvain,34.4
2026-04-28 11:50:38,Node B (Rucher),Temp Ext,30.8
2026-04-28 11:50:38,Node B (Rucher),Humidité Ext,61.5
2026-04-28 11:50:48,Node A (Pompe),Humidité Sol,44.9
2026-04-28 11:50:48,Node A (Pompe),Pression,0.4
2026-04-28 11:50:48,Node A (Pompe),Débit,23.5
2026-04-28 11:50:48,Node A (Pompe),Temp Sol,25.5
2026-04-28 11:50:48,Node B (Rucher),Poids Ruche,46.9
2026-04-28 11:50:48,Node B (Rucher),Temp Couvain,34.7
2026-04-28 11:50:48,Node B (Rucher),Temp Ext,25.3
2026-04-28 11:50:48,Node B (Rucher),Humidité Ext,64.2
2026-04-28 11:50:58,Node A (Pompe),Humidité Sol,55.5
2026-04-28 11:50:58,Node A (Pompe),Pression,0.4
2026-04-28 11:50:58,Node A (Pompe),Débit,24.6
2026-04-28 11:50:58,Node A (Pompe),Temp Sol,25.9
2026-04-28 11:50:58,Node B (Rucher),Poids Ruche,45.4
2026-04-28 11:50:58,Node B (Rucher),Temp Couvain,35.2
2026-04-28 11:50:58,Node B (Rucher),Temp Ext,23.3
2026-04-28 11:50:58,Node B (Rucher),Humidité Ext,51.9
2026-04-28 11:51:08,Node A (Pompe),Humidité Sol,50.3
2026-04-28 11:51:08,Node A (Pompe),Pression,0.5
2026-04-28 11:51:08,Node A (Pompe),Débit,20.4
2026-04-28 11:51:08,Node A (Pompe),Temp Sol,26.1
2026-04-28 11:51:08,Node B (Rucher),Poids Ruche,44.0
2026-04-28 11:51:08,Node B (Rucher),Temp Couvain,35.4
2026-04-28 11:51:08,Node B (Rucher),Temp Ext,24.6
2026-04-28 11:51:08,Node B (Rucher),Humidité Ext,68.3
2026-04-28 11:51:18,Node A (Pompe),Humidité Sol,48.6
2026-04-28 11:51:18,Node A (Pompe),Pression,0.4
2026-04-28 11:51:18,Node A (Pompe),Débit,1.0
2026-04-28 11:51:18,Node A (Pompe),Temp Sol,23.6
2026-04-28 11:51:18,Node B (Rucher),Poids Ruche,45.4
2026-04-28 11:51:18,Node B (Rucher),Temp Couvain,35.1
2026-04-28 11:51:18,Node B (Rucher),Temp Ext,26.9
2026-04-28 11:51:18,Node B (Rucher),Humidité Ext,67.1
2026-04-28 11:51:28,Node A (Pompe),Humidité Sol,55.1
2026-04-28 11:51:28,Node A (Pompe),Pression,0.5
2026-04-28 11:51:28,Node A (Pompe),Débit,5.4
2026-04-28 11:51:28,Node A (Pompe),Temp Sol,24.6
2026-04-28 11:51:28,Node B (Rucher),Poids Ruche,43.9
2026-04-28 11:51:28,Node B (Rucher),Temp Couvain,34.1
2026-04-28 11:51:28,Node B (Rucher),Temp Ext,28.4
2026-04-28 11:51:28,Node B (Rucher),Humidité Ext,59.0
2026-04-28 11:51:38,Node A (Pompe),Humidité Sol,45.8
2026-04-28 11:51:38,Node A (Pompe),Pression,0.9
2026-04-28 11:51:38,Node A (Pompe),Débit,22.8
2026-04-28 11:51:38,Node A (Pompe),Temp Sol,21.5
2026-04-28 11:51:38,Node B (Rucher),Poids Ruche,46.2
2026-04-28 11:51:38,Node B (Rucher),Temp Couvain,35.1
2026-04-28 11:51:38,Node B (Rucher),Temp Ext,24.6
2026-04-28 11:51:38,Node B (Rucher),Humidité Ext,63.6
2026-04-28 11:51:48,Node A (Pompe),Humidité Sol,34.9
2026-04-28 11:51:48,Node A (Pompe),Pression,0.8
2026-04-28 11:51:48,Node A (Pompe),Débit,12.4
2026-04-28 11:51:48,Node A (Pompe),Temp Sol,25.4
2026-04-28 11:51:48,Node B (Rucher),Poids Ruche,42.7
2026-04-28 11:51:48,Node B (Rucher),Temp Couvain,35.1
2026-04-28 11:51:48,Node B (Rucher),Temp Ext,29.3
2026-04-28 11:51:48,Node B (Rucher),Humidité Ext,69.4
2026-04-28 11:51:58,Node A (Pompe),Humidité Sol,53.2
2026-04-28 11:51:58,Node A (Pompe),Pression,0.9
2026-04-28 11:51:58,Node A (Pompe),Débit,4.9
2026-04-28 11:51:58,Node A (Pompe),Temp Sol,26.2
2026-04-28 11:51:58,Node B (Rucher),Poids Ruche,47.5
2026-04-28 11:51:58,Node B (Rucher),Temp Couvain,35.2
2026-04-28 11:51:58,Node B (Rucher),Temp Ext,27.4
2026-04-28 11:51:58,Node B (Rucher),Humidité Ext,57.9
2026-04-28 11:52:08,Node A (Pompe),Humidité Sol,54.7
2026-04-28 11:52:08,Node A (Pompe),Pression,0.4
2026-04-28 11:52:08,Node A (Pompe),Débit,12.4
2026-04-28 11:52:08,Node A (Pompe),Temp Sol,23.0
2026-04-28 11:52:08,Node B (Rucher),Poids Ruche,43.1
2026-04-28 11:52:08,Node B (Rucher),Temp Couvain,34.3
2026-04-28 11:52:08,Node B (Rucher),Temp Ext,22.5
2026-04-28 11:52:08,Node B (Rucher),Humidité Ext,47.2
2026-04-28 11:52:18,Node A (Pompe),Humidité Sol,38.6
2026-04-28 11:52:18,Node A (Pompe),Pression,0.8
2026-04-28 11:52:18,Node A (Pompe),Débit,5.6
2026-04-28 11:52:18,Node A (Pompe),Temp Sol,21.3
2026-04-28 11:52:18,Node B (Rucher),Poids Ruche,44.8
2026-04-28 11:52:18,Node B (Rucher),Temp Couvain,34.1
2026-04-28 11:52:18,Node B (Rucher),Temp Ext,28.1
2026-04-28 11:52:18,Node B (Rucher),Humidité Ext,69.6
2026-04-28 11:52:28,Node A (Pompe),Humidité Sol,31.7
2026-04-28 11:52:28,Node A (Pompe),Pression,0.2
2026-04-28 11:52:28,Node A (Pompe),Débit,25.0
2026-04-28 11:52:28,Node A (Pompe),Temp Sol,26.0
2026-04-28 11:52:28,Node B (Rucher),Poids Ruche,46.4
2026-04-28 11:52:28,Node B (Rucher),Temp Couvain,35.2
2026-04-28 11:52:28,Node B (Rucher),Temp Ext,29.7
2026-04-28 11:52:28,Node B (Rucher),Humidité Ext,49.4
2026-04-28 11:52:38,Node A (Pompe),Humidité Sol,44.9
2026-04-28 11:52:38,Node A (Pompe),Pression,0.6
2026-04-28 11:52:38,Node A (Pompe),Débit,0.8
2026-04-28 11:52:38,Node A (Pompe),Temp Sol,26.6
2026-04-28 11:52:38,Node B (Rucher),Poids Ruche,43.3
2026-04-28 11:52:38,Node B (Rucher),Temp Couvain,35.5
2026-04-28 11:52:38,Node B (Rucher),Temp Ext,25.7
2026-04-28 11:52:38,Node B (Rucher),Humidité Ext,52.1
2026-04-28 11:52:48,Node A (Pompe),Humidité Sol,30.5
2026-04-28 11:52:48,Node A (Pompe),Pression,0.6
2026-04-28 11:52:48,Node A (Pompe),Débit,16.3
2026-04-28 11:52:48,Node A (Pompe),Temp Sol,20.4
2026-04-28 11:52:48,Node B (Rucher),Poids Ruche,46.9
2026-04-28 11:52:48,Node B (Rucher),Temp Couvain,34.5
2026-04-28 11:52:48,Node B (Rucher),Temp Ext,29.1
2026-04-28 11:52:48,Node B (Rucher),Humidité Ext,56.4
2026-04-28 11:52:58,Node A (Pompe),Humidité Sol,41.5
2026-04-28 11:52:58,Node A (Pompe),Pression,0.2
2026-04-28 11:52:58,Node A (Pompe),Débit,12.8
2026-04-28 11:52:58,Node A (Pompe),Temp Sol,23.0
2026-04-28 11:52:58,Node B (Rucher),Poids Ruche,42.6
2026-04-28 11:52:58,Node B (Rucher),Temp Couvain,34.6
2026-04-28 11:52:58,Node B (Rucher),Temp Ext,29.8
2026-04-28 11:52:58,Node B (Rucher),Humidité Ext,52.7
2026-04-28 11:53:08,Node A (Pompe),Humidité Sol,36.3
2026-04-28 11:53:08,Node A (Pompe),Pression,0.3
2026-04-28 11:53:08,Node A (Pompe),Débit,13.7
2026-04-28 11:53:08,Node A (Pompe),Temp Sol,22.2
2026-04-28 11:53:08,Node B (Rucher),Poids Ruche,44.6
2026-04-28 11:53:08,Node B (Rucher),Temp Couvain,35.0
2026-04-28 11:53:08,Node B (Rucher),Temp Ext,28.3
2026-04-28 11:53:08,Node B (Rucher),Humidité Ext,50.1
2026-04-28 11:53:18,Node A (Pompe),Humidité Sol,33.0
2026-04-28 11:53:18,Node A (Pompe),Pression,0.6
2026-04-28 11:53:18,Node A (Pompe),Débit,1.4
2026-04-28 11:53:18,Node A (Pompe),Temp Sol,25.0
2026-04-28 11:53:18,Node B (Rucher),Poids Ruche,46.7
2026-04-28 11:53:18,Node B (Rucher),Temp Couvain,34.7
2026-04-28 11:53:18,Node B (Rucher),Temp Ext,27.2
2026-04-28 11:53:18,Node B (Rucher),Humidité Ext,69.7
2026-04-28 11:53:28,Node A (Pompe),Humidité Sol,33.7
2026-04-28 11:53:28,Node A (Pompe),Pression,0.4
2026-04-28 11:53:28,Node A (Pompe),Débit,16.8
2026-04-28 11:53:28,Node A (Pompe),Temp Sol,25.7
2026-04-28 11:53:28,Node B (Rucher),Poids Ruche,42.3
2026-04-28 11:53:28,Node B (Rucher),Temp Couvain,35.0
2026-04-28 11:53:28,Node B (Rucher),Temp Ext,26.7
2026-04-28 11:53:28,Node B (Rucher),Humidité Ext,56.2
2026-04-28 11:53:38,Node A (Pompe),Humidité Sol,54.7
2026-04-28 11:53:38,Node A (Pompe),Pression,0.5
2026-04-28 11:53:38,Node A (Pompe),Débit,3.7
2026-04-28 11:53:38,Node A (Pompe),Temp Sol,24.5
2026-04-28 11:53:38,Node B (Rucher),Poids Ruche,47.0
2026-04-28 11:53:38,Node B (Rucher),Temp Couvain,34.6
2026-04-28 11:53:38,Node B (Rucher),Temp Ext,23.9
2026-04-28 11:53:38,Node B (Rucher),Humidité Ext,66.5
2026-04-28 11:53:48,Node A (Pompe),Humidité Sol,55.8
2026-04-28 11:53:48,Node A (Pompe),Pression,0.8
2026-04-28 11:53:48,Node A (Pompe),Débit,10.0
2026-04-28 11:53:48,Node A (Pompe),Temp Sol,22.7
2026-04-28 11:53:48,Node B (Rucher),Poids Ruche,46.7
2026-04-28 11:53:48,Node B (Rucher),Temp Couvain,35.3
2026-04-28 11:53:48,Node B (Rucher),Temp Ext,25.6
2026-04-28 11:53:48,Node B (Rucher),Humidité Ext,58.7
2026-04-28 11:53:58,Node A (Pompe),Humidité Sol,59.0
2026-04-28 11:53:58,Node A (Pompe),Pression,0.8
2026-04-28 11:53:58,Node A (Pompe),Débit,14.1
2026-04-28 11:53:58,Node A (Pompe),Temp Sol,20.3
2026-04-28 11:53:58,Node B (Rucher),Poids Ruche,46.4
2026-04-28 11:53:58,Node B (Rucher),Temp Couvain,35.0
2026-04-28 11:53:58,Node B (Rucher),Temp Ext,22.2
2026-04-28 11:53:58,Node B (Rucher),Humidité Ext,54.2
2026-04-28 11:54:08,Node A (Pompe),Humidité Sol,51.1
2026-04-28 11:54:08,Node A (Pompe),Pression,0.8
2026-04-28 11:54:08,Node A (Pompe),Débit,23.4
2026-04-28 11:54:08,Node A (Pompe),Temp Sol,26.0
2026-04-28 11:54:08,Node B (Rucher),Poids Ruche,43.2
2026-04-28 11:54:08,Node B (Rucher),Temp Couvain,34.6
2026-04-28 11:54:08,Node B (Rucher),Temp Ext,26.4
2026-04-28 11:54:08,Node B (Rucher),Humidité Ext,58.5
2026-04-28 11:54:18,Node A (Pompe),Humidité Sol,44.0
2026-04-28 11:54:18,Node A (Pompe),Pression,0.3
2026-04-28 11:54:18,Node A (Pompe),Débit,22.2
2026-04-28 11:54:18,Node A (Pompe),Temp Sol,22.7
2026-04-28 11:54:18,Node B (Rucher),Poids Ruche,46.8
2026-04-28 11:54:18,Node B (Rucher),Temp Couvain,34.1
2026-04-28 11:54:18,Node B (Rucher),Temp Ext,26.8
2026-04-28 11:54:18,Node B (Rucher),Humidité Ext,50.5
2026-04-28 11:54:28,Node A (Pompe),Humidité Sol,46.5
2026-04-28 11:54:28,Node A (Pompe),Pression,0.2
2026-04-28 11:54:28,Node A (Pompe),Débit,24.8
2026-04-28 11:54:28,Node A (Pompe),Temp Sol,21.7
2026-04-28 11:54:28,Node B (Rucher),Poids Ruche,46.8
2026-04-28 11:54:28,Node B (Rucher),Temp Couvain,34.1
2026-04-28 11:54:28,Node B (Rucher),Temp Ext,29.7
2026-04-28 11:54:28,Node B (Rucher),Humidité Ext,52.8
2026-04-28 11:54:38,Node A (Pompe),Humidité Sol,61.2
2026-04-28 11:54:38,Node A (Pompe),Pression,0.4
2026-04-28 11:54:38,Node A (Pompe),Débit,4.3
2026-04-28 11:54:38,Node A (Pompe),Temp Sol,26.5
2026-04-28 11:54:38,Node B (Rucher),Poids Ruche,42.1
2026-04-28 11:54:38,Node B (Rucher),Temp Couvain,34.5
2026-04-28 11:54:38,Node B (Rucher),Temp Ext,22.4
2026-04-28 11:54:38,Node B (Rucher),Humidité Ext,61.7
2026-04-28 11:54:48,Node A (Pompe),Humidité Sol,57.1
2026-04-28 11:54:48,Node A (Pompe),Pression,0.2
2026-04-28 11:54:48,Node A (Pompe),Débit,11.4
2026-04-28 11:54:48,Node A (Pompe),Temp Sol,24.2
2026-04-28 11:54:48,Node B (Rucher),Poids Ruche,42.8
2026-04-28 11:54:48,Node B (Rucher),Temp Couvain,35.1
2026-04-28 11:54:48,Node B (Rucher),Temp Ext,29.9
2026-04-28 11:54:48,Node B (Rucher),Humidité Ext,57.5
2026-04-28 11:54:58,Node A (Pompe),Humidité Sol,60.5
2026-04-28 11:54:58,Node A (Pompe),Pression,0.5
2026-04-28 11:54:58,Node A (Pompe),Débit,18.0
2026-04-28 11:54:58,Node A (Pompe),Temp Sol,22.9
2026-04-28 11:54:58,Node B (Rucher),Poids Ruche,43.4
2026-04-28 11:54:58,Node B (Rucher),Temp Couvain,34.0
2026-04-28 11:54:58,Node B (Rucher),Temp Ext,25.3
2026-04-28 11:54:58,Node B (Rucher),Humidité Ext,53.5
2026-04-28 11:55:08,Node A (Pompe),Humidité Sol,40.1
2026-04-28 11:55:08,Node A (Pompe),Pression,0.5
2026-04-28 11:55:08,Node A (Pompe),Débit,2.7
2026-04-28 11:55:08,Node A (Pompe),Temp Sol,22.3
2026-04-28 11:55:08,Node B (Rucher),Poids Ruche,44.0
2026-04-28 11:55:08,Node B (Rucher),Temp Couvain,35.6
2026-04-28 11:55:08,Node B (Rucher),Temp Ext,26.4
2026-04-28 11:55:08,Node B (Rucher),Humidité Ext,47.9
2026-04-28 11:55:18,Node A (Pompe),Humidité Sol,32.4
2026-04-28 11:55:18,Node A (Pompe),Pression,0.7
2026-04-28 11:55:18,Node A (Pompe),Débit,7.2
2026-04-28 11:55:18,Node A (Pompe),Temp Sol,26.5
2026-04-28 11:55:18,Node B (Rucher),Poids Ruche,42.1
2026-04-28 11:55:18,Node B (Rucher),Temp Couvain,35.1
2026-04-28 11:55:18,Node B (Rucher),Temp Ext,29.1
2026-04-28 11:55:18,Node B (Rucher),Humidité Ext,50.3
2026-04-28 11:55:28,Node A (Pompe),Humidité Sol,30.9
2026-04-28 11:55:28,Node A (Pompe),Pression,0.8
2026-04-28 11:55:28,Node A (Pompe),Débit,9.0
2026-04-28 11:55:28,Node A (Pompe),Temp Sol,21.9
2026-04-28 11:55:28,Node B (Rucher),Poids Ruche,44.5
2026-04-28 11:55:28,Node B (Rucher),Temp Couvain,35.8
2026-04-28 11:55:28,Node B (Rucher),Temp Ext,27.9
2026-04-28 11:55:28,Node B (Rucher),Humidité Ext,57.4
2026-04-28 11:55:38,Node A (Pompe),Humidité Sol,42.6
2026-04-28 11:55:38,Node A (Pompe),Pression,0.5
2026-04-28 11:55:38,Node A (Pompe),Débit,4.8
2026-04-28 11:55:38,Node A (Pompe),Temp Sol,26.6
2026-04-28 11:55:38,Node B (Rucher),Poids Ruche,45.9
2026-04-28 11:55:38,Node B (Rucher),Temp Couvain,35.1
2026-04-28 11:55:38,Node B (Rucher),Temp Ext,29.7
2026-04-28 11:55:38,Node B (Rucher),Humidité Ext,60.0
2026-04-28 11:55:48,Node A (Pompe),Humidité Sol,31.6
2026-04-28 11:55:48,Node A (Pompe),Pression,0.5
2026-04-28 11:55:48,Node A (Pompe),Débit,19.0
2026-04-28 11:55:48,Node A (Pompe),Temp Sol,25.8
2026-04-28 11:55:48,Node B (Rucher),Poids Ruche,45.8
2026-04-28 11:55:48,Node B (Rucher),Temp Couvain,35.6
2026-04-28 11:55:48,Node B (Rucher),Temp Ext,27.1
2026-04-28 11:55:48,Node B (Rucher),Humidité Ext,67.4
2026-04-28 11:55:58,Node A (Pompe),Humidité Sol,64.0
2026-04-28 11:55:58,Node A (Pompe),Pression,0.2
2026-04-28 11:55:58,Node A (Pompe),Débit,22.6
2026-04-28 11:55:58,Node A (Pompe),Temp Sol,21.7
2026-04-28 11:55:58,Node B (Rucher),Poids Ruche,45.3
2026-04-28 11:55:58,Node B (Rucher),Temp Couvain,34.5
2026-04-28 11:55:58,Node B (Rucher),Temp Ext,26.8
2026-04-28 11:55:58,Node B (Rucher),Humidité Ext,46.5
2026-04-28 11:56:08,Node A (Pompe),Humidité Sol,46.7
2026-04-28 11:56:08,Node A (Pompe),Pression,0.3
2026-04-28 11:56:08,Node A (Pompe),Débit,7.5
2026-04-28 11:56:08,Node A (Pompe),Temp Sol,20.3
2026-04-28 11:56:08,Node B (Rucher),Poids Ruche,44.5
2026-04-28 11:56:08,Node B (Rucher),Temp Couvain,35.2
2026-04-28 11:56:08,Node B (Rucher),Temp Ext,30.2
2026-04-28 11:56:08,Node B (Rucher),Humidité Ext,68.9
2026-04-28 11:56:18,Node A (Pompe),Humidité Sol,59.8
2026-04-28 11:56:18,Node A (Pompe),Pression,0.7
2026-04-28 11:56:18,Node A (Pompe),Débit,22.1
2026-04-28 11:56:18,Node A (Pompe),Temp Sol,23.9
2026-04-28 11:56:18,Node B (Rucher),Poids Ruche,42.8
2026-04-28 11:56:18,Node B (Rucher),Temp Couvain,34.5
2026-04-28 11:56:18,Node B (Rucher),Temp Ext,27.5
2026-04-28 11:56:18,Node B (Rucher),Humidité Ext,51.1
2026-04-28 11:56:28,Node A (Pompe),Humidité Sol,57.2
2026-04-28 11:56:28,Node A (Pompe),Pression,0.9
2026-04-28 11:56:28,Node A (Pompe),Débit,7.8
2026-04-28 11:56:28,Node A (Pompe),Temp Sol,20.7
2026-04-28 11:56:28,Node B (Rucher),Poids Ruche,46.3
2026-04-28 11:56:28,Node B (Rucher),Temp Couvain,35.0
2026-04-28 11:56:28,Node B (Rucher),Temp Ext,22.1
2026-04-28 11:56:28,Node B (Rucher),Humidité Ext,53.4
2026-04-28 11:56:38,Node A (Pompe),Humidité Sol,32.3
2026-04-28 11:56:38,Node A (Pompe),Pression,0.9
2026-04-28 11:56:38,Node A (Pompe),Débit,23.0
2026-04-28 11:56:38,Node A (Pompe),Temp Sol,22.0
2026-04-28 11:56:38,Node B (Rucher),Poids Ruche,45.6
2026-04-28 11:56:38,Node B (Rucher),Temp Couvain,35.3
2026-04-28 11:56:38,Node B (Rucher),Temp Ext,29.2
2026-04-28 11:56:38,Node B (Rucher),Humidité Ext,66.7
2026-04-28 11:56:48,Node A (Pompe),Humidité Sol,41.5
2026-04-28 11:56:48,Node A (Pompe),Pression,0.8
2026-04-28 11:56:48,Node A (Pompe),Débit,17.2
2026-04-28 11:56:48,Node A (Pompe),Temp Sol,24.8
2026-04-28 11:56:48,Node B (Rucher),Poids Ruche,42.2
2026-04-28 11:56:48,Node B (Rucher),Temp Couvain,34.6
2026-04-28 11:56:48,Node B (Rucher),Temp Ext,30.8
2026-04-28 11:56:48,Node B (Rucher),Humidité Ext,67.7
2026-04-28 11:56:58,Node A (Pompe),Humidité Sol,31.3
2026-04-28 11:56:58,Node A (Pompe),Pression,0.4
2026-04-28 11:56:58,Node A (Pompe),Débit,6.7
2026-04-28 11:56:58,Node A (Pompe),Temp Sol,22.8
2026-04-28 11:56:58,Node B (Rucher),Poids Ruche,45.9
2026-04-28 11:56:58,Node B (Rucher),Temp Couvain,34.4
2026-04-28 11:56:58,Node B (Rucher),Temp Ext,23.2
2026-04-28 11:56:58,Node B (Rucher),Humidité Ext,61.5
2026-04-28 11:57:08,Node A (Pompe),Humidité Sol,45.0
2026-04-28 11:57:08,Node A (Pompe),Pression,0.9
2026-04-28 11:57:08,Node A (Pompe),Débit,4.2
2026-04-28 11:57:08,Node A (Pompe),Temp Sol,22.5
2026-04-28 11:57:08,Node B (Rucher),Poids Ruche,43.2
2026-04-28 11:57:08,Node B (Rucher),Temp Couvain,35.4
2026-04-28 11:57:08,Node B (Rucher),Temp Ext,28.4
2026-04-28 11:57:08,Node B (Rucher),Humidité Ext,65.8
2026-04-28 11:57:18,Node A (Pompe),Humidité Sol,49.0
2026-04-28 11:57:18,Node A (Pompe),Pression,0.7
2026-04-28 11:57:18,Node A (Pompe),Débit,17.4
2026-04-28 11:57:18,Node A (Pompe),Temp Sol,22.2
2026-04-28 11:57:18,Node B (Rucher),Poids Ruche,42.9
2026-04-28 11:57:18,Node B (Rucher),Temp Couvain,35.7
2026-04-28 11:57:18,Node B (Rucher),Temp Ext,24.3
2026-04-28 11:57:18,Node B (Rucher),Humidité Ext,58.5
2026-04-28 11:57:28,Node A (Pompe),Humidité Sol,54.1
2026-04-28 11:57:28,Node A (Pompe),Pression,0.3
2026-04-28 11:57:28,Node A (Pompe),Débit,4.7
2026-04-28 11:57:28,Node A (Pompe),Temp Sol,20.7
2026-04-28 11:57:28,Node B (Rucher),Poids Ruche,42.8
2026-04-28 11:57:28,Node B (Rucher),Temp Couvain,35.6
2026-04-28 11:57:28,Node B (Rucher),Temp Ext,27.9
2026-04-28 11:57:28,Node B (Rucher),Humidité Ext,49.6
2026-04-28 11:57:38,Node A (Pompe),Humidité Sol,52.2
2026-04-28 11:57:38,Node A (Pompe),Pression,0.5
2026-04-28 11:57:38,Node A (Pompe),Débit,16.4
2026-04-28 11:57:38,Node A (Pompe),Temp Sol,23.2
2026-04-28 11:57:38,Node B (Rucher),Poids Ruche,42.5
2026-04-28 11:57:38,Node B (Rucher),Temp Couvain,34.1
2026-04-28 11:57:38,Node B (Rucher),Temp Ext,22.9
2026-04-28 11:57:38,Node B (Rucher),Humidité Ext,59.0
2026-04-28 11:57:48,Node A (Pompe),Humidité Sol,51.2
2026-04-28 11:57:48,Node A (Pompe),Pression,0.5
2026-04-28 11:57:48,Node A (Pompe),Débit,10.0
2026-04-28 11:57:48,Node A (Pompe),Temp Sol,22.2
2026-04-28 11:57:48,Node B (Rucher),Poids Ruche,43.7
2026-04-28 11:57:48,Node B (Rucher),Temp Couvain,34.5
2026-04-28 11:57:48,Node B (Rucher),Temp Ext,26.3
2026-04-28 11:57:48,Node B (Rucher),Humidité Ext,50.1
2026-04-28 11:57:58,Node A (Pompe),Humidité Sol,51.1
2026-04-28 11:57:58,Node A (Pompe),Pression,0.4
2026-04-28 11:57:58,Node A (Pompe),Débit,7.9
2026-04-28 11:57:58,Node A (Pompe),Temp Sol,25.4
2026-04-28 11:57:58,Node B (Rucher),Poids Ruche,42.7
2026-04-28 11:57:58,Node B (Rucher),Temp Couvain,35.1
2026-04-28 11:57:58,Node B (Rucher),Temp Ext,26.2
2026-04-28 11:57:58,Node B (Rucher),Humidité Ext,62.8
2026-04-28 11:58:08,Node A (Pompe),Humidité Sol,63.2
2026-04-28 11:58:08,Node A (Pompe),Pression,0.7
2026-04-28 11:58:08,Node A (Pompe),Débit,14.4
2026-04-28 11:58:08,Node A (Pompe),Temp Sol,20.0
2026-04-28 11:58:08,Node B (Rucher),Poids Ruche,42.6
2026-04-28 11:58:08,Node B (Rucher),Temp Couvain,34.8
2026-04-28 11:58:08,Node B (Rucher),Temp Ext,23.2
2026-04-28 11:58:08,Node B (Rucher),Humidité Ext,64.5
2026-04-28 11:58:18,Node A (Pompe),Humidité Sol,61.3
2026-04-28 11:58:18,Node A (Pompe),Pression,0.5
2026-04-28 11:58:18,Node A (Pompe),Débit,24.5
2026-04-28 11:58:18,Node A (Pompe),Temp Sol,26.0
2026-04-28 11:58:18,Node B (Rucher),Poids Ruche,43.5
2026-04-28 11:58:18,Node B (Rucher),Temp Couvain,34.5
2026-04-28 11:58:18,Node B (Rucher),Temp Ext,22.0
2026-04-28 11:58:18,Node B (Rucher),Humidité Ext,67.0
2026-04-28 11:58:28,Node A (Pompe),Humidité Sol,50.7
2026-04-28 11:58:28,Node A (Pompe),Pression,0.4
2026-04-28 11:58:28,Node A (Pompe),Débit,2.9
2026-04-28 11:58:28,Node A (Pompe),Temp Sol,21.0
2026-04-28 11:58:28,Node B (Rucher),Poids Ruche,48.0
2026-04-28 11:58:28,Node B (Rucher),Temp Couvain,34.3
2026-04-28 11:58:28,Node B (Rucher),Temp Ext,22.2
2026-04-28 11:58:28,Node B (Rucher),Humidité Ext,50.1
2026-04-28 11:58:38,Node A (Pompe),Humidité Sol,52.9
2026-04-28 11:58:38,Node A (Pompe),Pression,0.5
2026-04-28 11:58:38,Node A (Pompe),Débit,6.7
2026-04-28 11:58:38,Node A (Pompe),Temp Sol,26.6
2026-04-28 11:58:38,Node B (Rucher),Poids Ruche,46.6
2026-04-28 11:58:38,Node B (Rucher),Temp Couvain,34.3
2026-04-28 11:58:38,Node B (Rucher),Temp Ext,24.9
2026-04-28 11:58:38,Node B (Rucher),Humidité Ext,63.9
2026-04-28 11:58:48,Node A (Pompe),Humidité Sol,49.0
2026-04-28 11:58:48,Node A (Pompe),Pression,0.6
2026-04-28 11:58:48,Node A (Pompe),Débit,16.7
2026-04-28 11:58:48,Node A (Pompe),Temp Sol,23.8
2026-04-28 11:58:48,Node B (Rucher),Poids Ruche,45.4
2026-04-28 11:58:48,Node B (Rucher),Temp Couvain,35.6
2026-04-28 11:58:48,Node B (Rucher),Temp Ext,23.3
2026-04-28 11:58:48,Node B (Rucher),Humidité Ext,45.9
2026-04-28 11:58:58,Node A (Pompe),Humidité Sol,44.8
2026-04-28 11:58:58,Node A (Pompe),Pression,0.8
2026-04-28 11:58:58,Node A (Pompe),Débit,24.9
2026-04-28 11:58:58,Node A (Pompe),Temp Sol,25.8
2026-04-28 11:58:58,Node B (Rucher),Poids Ruche,46.7
2026-04-28 11:58:58,Node B (Rucher),Temp Couvain,35.1
2026-04-28 11:58:58,Node B (Rucher),Temp Ext,24.4
2026-04-28 11:58:58,Node B (Rucher),Humidité Ext,62.1
2026-04-28 11:59:08,Node A (Pompe),Humidité Sol,52.6
2026-04-28 11:59:08,Node A (Pompe),Pression,0.5
2026-04-28 11:59:08,Node A (Pompe),Débit,14.6
2026-04-28 11:59:08,Node A (Pompe),Temp Sol,25.4
2026-04-28 11:59:08,Node B (Rucher),Poids Ruche,42.1
2026-04-28 11:59:08,Node B (Rucher),Temp Couvain,34.1
2026-04-28 11:59:08,Node B (Rucher),Temp Ext,25.1
2026-04-28 11:59:08,Node B (Rucher),Humidité Ext,51.9
2026-04-28 11:59:18,Node A (Pompe),Humidité Sol,45.5
2026-04-28 11:59:18,Node A (Pompe),Pression,0.8
2026-04-28 11:59:18,Node A (Pompe),Débit,23.8
2026-04-28 11:59:18,Node A (Pompe),Temp Sol,25.2
2026-04-28 11:59:18,Node B (Rucher),Poids Ruche,46.4
2026-04-28 11:59:18,Node B (Rucher),Temp Couvain,34.2
2026-04-28 11:59:18,Node B (Rucher),Temp Ext,24.7
2026-04-28 11:59:18,Node B (Rucher),Humidité Ext,47.1
2026-04-28 11:59:28,Node A (Pompe),Humidité Sol,46.8
2026-04-28 11:59:28,Node A (Pompe),Pression,0.7
2026-04-28 11:59:28,Node A (Pompe),Débit,4.4
2026-04-28 11:59:28,Node A (Pompe),Temp Sol,20.7
2026-04-28 11:59:28,Node B (Rucher),Poids Ruche,47.1
2026-04-28 11:59:28,Node B (Rucher),Temp Couvain,34.9
2026-04-28 11:59:28,Node B (Rucher),Temp Ext,24.8
2026-04-28 11:59:28,Node B (Rucher),Humidité Ext,46.8
2026-04-28 11:59:38,Node A (Pompe),Humidité Sol,45.3
2026-04-28 11:59:38,Node A (Pompe),Pression,0.8
2026-04-28 11:59:38,Node A (Pompe),Débit,1.0
2026-04-28 11:59:38,Node A (Pompe),Temp Sol,22.8
2026-04-28 11:59:38,Node B (Rucher),Poids Ruche,45.8
2026-04-28 11:59:38,Node B (Rucher),Temp Couvain,35.2
2026-04-28 11:59:38,Node B (Rucher),Temp Ext,29.2
2026-04-28 11:59:38,Node B (Rucher),Humidité Ext,67.3
2026-04-28 11:59:48,Node A (Pompe),Humidité Sol,35.5
2026-04-28 11:59:48,Node A (Pompe),Pression,0.6
2026-04-28 11:59:48,Node A (Pompe),Débit,8.4
2026-04-28 11:59:48,Node A (Pompe),Temp Sol,25.2
2026-04-28 11:59:48,Node B (Rucher),Poids Ruche,42.4
2026-04-28 11:59:48,Node B (Rucher),Temp Couvain,34.7
2026-04-28 11:59:48,Node B (Rucher),Temp Ext,29.6
2026-04-28 11:59:48,Node B (Rucher),Humidité Ext,63.5
2026-04-28 11:59:58,Node A (Pompe),Humidité Sol,34.2
2026-04-28 11:59:58,Node A (Pompe),Pression,0.2
2026-04-28 11:59:58,Node A (Pompe),Débit,22.6
2026-04-28 11:59:58,Node A (Pompe),Temp Sol,25.3
2026-04-28 11:59:58,Node B (Rucher),Poids Ruche,46.5
2026-04-28 11:59:58,Node B (Rucher),Temp Couvain,34.0
2026-04-28 11:59:58,Node B (Rucher),Temp Ext,28.0
2026-04-28 11:59:58,Node B (Rucher),Humidité Ext,56.0
2026-04-28 12:00:08,Node A (Pompe),Humidité Sol,57.4
2026-04-28 12:00:08,Node A (Pompe),Pression,0.7
2026-04-28 12:00:08,Node A (Pompe),Débit,16.9
2026-04-28 12:00:08,Node A (Pompe),Temp Sol,20.0
2026-04-28 12:00:08,Node B (Rucher),Poids Ruche,47.3
2026-04-28 12:00:08,Node B (Rucher),Temp Couvain,34.9
2026-04-28 12:00:08,Node B (Rucher),Temp Ext,24.3
2026-04-28 12:00:08,Node B (Rucher),Humidité Ext,49.0
2026-04-28 12:00:18,Node A (Pompe),Humidité Sol,52.0
2026-04-28 12:00:18,Node A (Pompe),Pression,0.2
2026-04-28 12:00:18,Node A (Pompe),Débit,18.1
2026-04-28 12:00:18,Node A (Pompe),Temp Sol,22.8
2026-04-28 12:00:18,Node B (Rucher),Poids Ruche,46.9
2026-04-28 12:00:18,Node B (Rucher),Temp Couvain,35.1
2026-04-28 12:00:18,Node B (Rucher),Temp Ext,22.2
2026-04-28 12:00:18,Node B (Rucher),Humidité Ext,56.9
2026-04-28 13:41:41,Node A (Pompe),Humidité Sol,64.6
2026-04-28 13:41:41,Node A (Pompe),Pression,0.2
2026-04-28 13:41:41,Node A (Pompe),Débit,24.6
2026-04-28 13:41:41,Node A (Pompe),Temp Sol,22.5
2026-04-28 13:41:41,Node B (Rucher),Poids Ruche,47.8
2026-04-28 13:41:41,Node B (Rucher),Temp Couvain,34.3
2026-04-28 13:41:41,Node B (Rucher),Temp Ext,26.8
2026-04-28 13:41:41,Node B (Rucher),Humidité Ext,68.5
2026-04-28 13:41:51,Node A (Pompe),Humidité Sol,64.0
2026-04-28 13:41:51,Node A (Pompe),Pression,0.9
2026-04-28 13:41:51,Node A (Pompe),Débit,23.6
2026-04-28 13:41:51,Node A (Pompe),Temp Sol,25.6
2026-04-28 13:41:51,Node B (Rucher),Poids Ruche,43.1
2026-04-28 13:41:51,Node B (Rucher),Temp Couvain,35.2
2026-04-28 13:41:51,Node B (Rucher),Temp Ext,26.5
2026-04-28 13:41:51,Node B (Rucher),Humidité Ext,64.8
2026-04-28 13:42:01,Node A (Pompe),Humidité Sol,64.7
2026-04-28 13:42:01,Node A (Pompe),Pression,0.3
2026-04-28 13:42:01,Node A (Pompe),Débit,20.2
2026-04-28 13:42:01,Node A (Pompe),Temp Sol,24.0
2026-04-28 13:42:01,Node B (Rucher),Poids Ruche,42.0
2026-04-28 13:42:01,Node B (Rucher),Temp Couvain,34.4
2026-04-28 13:42:01,Node B (Rucher),Temp Ext,27.5
2026-04-28 13:42:01,Node B (Rucher),Humidité Ext,48.4
2026-04-28 13:42:11,Node A (Pompe),Humidité Sol,42.5
2026-04-28 13:42:11,Node A (Pompe),Pression,0.4
2026-04-28 13:42:11,Node A (Pompe),Débit,17.5
2026-04-28 13:42:11,Node A (Pompe),Temp Sol,25.6
2026-04-28 13:42:11,Node B (Rucher),Poids Ruche,46.5
2026-04-28 13:42:11,Node B (Rucher),Temp Couvain,34.1
2026-04-28 13:42:11,Node B (Rucher),Temp Ext,24.5
2026-04-28 13:42:11,Node B (Rucher),Humidité Ext,47.4
2026-04-28 13:42:21,Node A (Pompe),Humidité Sol,50.1
2026-04-28 13:42:21,Node A (Pompe),Pression,0.8
2026-04-28 13:42:21,Node A (Pompe),Débit,18.2
2026-04-28 13:42:21,Node A (Pompe),Temp Sol,21.9
2026-04-28 13:42:21,Node B (Rucher),Poids Ruche,43.6
2026-04-28 13:42:21,Node B (Rucher),Temp Couvain,35.4
2026-04-28 13:42:21,Node B (Rucher),Temp Ext,22.7
2026-04-28 13:42:21,Node B (Rucher),Humidité Ext,68.0
2026-04-28 13:42:31,Node A (Pompe),Humidité Sol,54.7
2026-04-28 13:42:31,Node A (Pompe),Pression,0.5
2026-04-28 13:42:31,Node A (Pompe),Débit,19.9
2026-04-28 13:42:31,Node A (Pompe),Temp Sol,23.0
2026-04-28 13:42:31,Node B (Rucher),Poids Ruche,43.8
2026-04-28 13:42:31,Node B (Rucher),Temp Couvain,35.1
2026-04-28 13:42:31,Node B (Rucher),Temp Ext,25.8
2026-04-28 13:42:31,Node B (Rucher),Humidité Ext,49.6
2026-04-28 13:42:41,Node A (Pompe),Humidité Sol,33.1
2026-04-28 13:42:41,Node A (Pompe),Pression,0.4
2026-04-28 13:42:41,Node A (Pompe),Débit,10.9
2026-04-28 13:42:41,Node A (Pompe),Temp Sol,24.8
2026-04-28 13:42:41,Node B (Rucher),Poids Ruche,43.9
2026-04-28 13:42:41,Node B (Rucher),Temp Couvain,34.4
2026-04-28 13:42:41,Node B (Rucher),Temp Ext,27.5
2026-04-28 13:42:41,Node B (Rucher),Humidité Ext,50.9
2026-04-28 13:42:51,Node A (Pompe),Humidité Sol,47.1
2026-04-28 13:42:51,Node A (Pompe),Pression,0.3
2026-04-28 13:42:51,Node A (Pompe),Débit,24.4
2026-04-28 13:42:51,Node A (Pompe),Temp Sol,22.6
2026-04-28 13:42:51,Node B (Rucher),Poids Ruche,42.9
2026-04-28 13:42:51,Node B (Rucher),Temp Couvain,34.4
2026-04-28 13:42:51,Node B (Rucher),Temp Ext,22.6
2026-04-28 13:42:51,Node B (Rucher),Humidité Ext,64.8
2026-04-28 13:43:01,Node A (Pompe),Humidité Sol,56.0
2026-04-28 13:43:01,Node A (Pompe),Pression,0.7
2026-04-28 13:43:01,Node A (Pompe),Débit,17.0
2026-04-28 13:43:01,Node A (Pompe),Temp Sol,23.0
2026-04-28 13:43:01,Node B (Rucher),Poids Ruche,46.6
2026-04-28 13:43:01,Node B (Rucher),Temp Couvain,35.3
2026-04-28 13:43:01,Node B (Rucher),Temp Ext,27.0
2026-04-28 13:43:01,Node B (Rucher),Humidité Ext,59.8
2026-04-28 13:43:11,Node A (Pompe),Humidité Sol,61.1
2026-04-28 13:43:11,Node A (Pompe),Pression,0.5
2026-04-28 13:43:11,Node A (Pompe),Débit,10.0
2026-04-28 13:43:11,Node A (Pompe),Temp Sol,26.8
2026-04-28 13:43:11,Node B (Rucher),Poids Ruche,43.5
2026-04-28 13:43:11,Node B (Rucher),Temp Couvain,34.2
2026-04-28 13:43:11,Node B (Rucher),Temp Ext,25.9
2026-04-28 13:43:11,Node B (Rucher),Humidité Ext,46.0
2026-04-28 13:43:21,Node A (Pompe),Humidité Sol,44.3
2026-04-28 13:43:21,Node A (Pompe),Pression,0.9
2026-04-28 13:43:21,Node A (Pompe),Débit,9.0
2026-04-28 13:43:21,Node A (Pompe),Temp Sol,24.2
2026-04-28 13:43:21,Node B (Rucher),Poids Ruche,46.9
2026-04-28 13:43:21,Node B (Rucher),Temp Couvain,35.8
2026-04-28 13:43:21,Node B (Rucher),Temp Ext,29.2
2026-04-28 13:43:21,Node B (Rucher),Humidité Ext,57.0
2026-04-28 13:43:31,Node A (Pompe),Humidité Sol,53.4
2026-04-28 13:43:31,Node A (Pompe),Pression,0.3
2026-04-28 13:43:31,Node A (Pompe),Débit,15.5
2026-04-28 13:43:31,Node A (Pompe),Temp Sol,23.4
2026-04-28 13:43:31,Node B (Rucher),Poids Ruche,46.9
2026-04-28 13:43:31,Node B (Rucher),Temp Couvain,34.4
2026-04-28 13:43:31,Node B (Rucher),Temp Ext,29.0
2026-04-28 13:43:31,Node B (Rucher),Humidité Ext,55.8
2026-04-28 13:43:41,Node A (Pompe),Humidité Sol,44.9
2026-04-28 13:43:41,Node A (Pompe),Pression,0.5
2026-04-28 13:43:41,Node A (Pompe),Débit,9.4
2026-04-28 13:43:41,Node A (Pompe),Temp Sol,23.0
2026-04-28 13:43:41,Node B (Rucher),Poids Ruche,46.3
2026-04-28 13:43:41,Node B (Rucher),Temp Couvain,34.3
2026-04-28 13:43:41,Node B (Rucher),Temp Ext,29.4
2026-04-28 13:43:41,Node B (Rucher),Humidité Ext,56.1
2026-04-28 13:43:51,Node A (Pompe),Humidité Sol,46.1
2026-04-28 13:43:51,Node A (Pompe),Pression,0.7
2026-04-28 13:43:51,Node A (Pompe),Débit,17.2
2026-04-28 13:43:51,Node A (Pompe),Temp Sol,23.0
2026-04-28 13:43:51,Node B (Rucher),Poids Ruche,44.0
2026-04-28 13:43:51,Node B (Rucher),Temp Couvain,34.8
2026-04-28 13:43:51,Node B (Rucher),Temp Ext,28.8
2026-04-28 13:43:51,Node B (Rucher),Humidité Ext,56.0
2026-04-28 13:44:01,Node A (Pompe),Humidité Sol,35.1
2026-04-28 13:44:01,Node A (Pompe),Pression,0.8
2026-04-28 13:44:01,Node A (Pompe),Débit,20.6
2026-04-28 13:44:01,Node A (Pompe),Temp Sol,23.3
2026-04-28 13:44:01,Node B (Rucher),Poids Ruche,47.1
2026-04-28 13:44:01,Node B (Rucher),Temp Couvain,34.7
2026-04-28 13:44:01,Node B (Rucher),Temp Ext,24.7
2026-04-28 13:44:01,Node B (Rucher),Humidité Ext,64.2
2026-04-28 13:44:11,Node A (Pompe),Humidité Sol,49.7
2026-04-28 13:44:11,Node A (Pompe),Pression,0.6
2026-04-28 13:44:11,Node A (Pompe),Débit,4.9
2026-04-28 13:44:11,Node A (Pompe),Temp Sol,24.1
2026-04-28 13:44:11,Node B (Rucher),Poids Ruche,46.6
2026-04-28 13:44:11,Node B (Rucher),Temp Couvain,34.7
2026-04-28 13:44:11,Node B (Rucher),Temp Ext,24.3
2026-04-28 13:44:11,Node B (Rucher),Humidité Ext,52.5
2026-04-28 13:44:21,Node A (Pompe),Humidité Sol,30.9
2026-04-28 13:44:21,Node A (Pompe),Pression,0.6
2026-04-28 13:44:21,Node A (Pompe),Débit,21.2
2026-04-28 13:44:21,Node A (Pompe),Temp Sol,20.7
2026-04-28 13:44:21,Node B (Rucher),Poids Ruche,46.3
2026-04-28 13:44:21,Node B (Rucher),Temp Couvain,35.1
2026-04-28 13:44:21,Node B (Rucher),Temp Ext,30.5
2026-04-28 13:44:21,Node B (Rucher),Humidité Ext,48.5
2026-04-28 13:44:31,Node A (Pompe),Humidité Sol,48.9
2026-04-28 13:44:31,Node A (Pompe),Pression,0.8
2026-04-28 13:44:31,Node A (Pompe),Débit,19.9
2026-04-28 13:44:31,Node A (Pompe),Temp Sol,25.6
2026-04-28 13:44:31,Node B (Rucher),Poids Ruche,44.6
2026-04-28 13:44:31,Node B (Rucher),Temp Couvain,35.4
2026-04-28 13:44:31,Node B (Rucher),Temp Ext,24.9
2026-04-28 13:44:31,Node B (Rucher),Humidité Ext,47.6
2026-04-28 13:44:41,Node A (Pompe),Humidité Sol,46.5
2026-04-28 13:44:41,Node A (Pompe),Pression,0.4
2026-04-28 13:44:41,Node A (Pompe),Débit,16.6
2026-04-28 13:44:41,Node A (Pompe),Temp Sol,22.2
2026-04-28 13:44:41,Node B (Rucher),Poids Ruche,44.0
2026-04-28 13:44:41,Node B (Rucher),Temp Couvain,35.0
2026-04-28 13:44:41,Node B (Rucher),Temp Ext,27.5
2026-04-28 13:44:41,Node B (Rucher),Humidité Ext,62.3
2026-04-28 13:44:51,Node A (Pompe),Humidité Sol,58.4
2026-04-28 13:44:51,Node A (Pompe),Pression,0.6
2026-04-28 13:44:51,Node A (Pompe),Débit,1.9
2026-04-28 13:44:51,Node A (Pompe),Temp Sol,23.6
2026-04-28 13:44:51,Node B (Rucher),Poids Ruche,46.7
2026-04-28 13:44:51,Node B (Rucher),Temp Couvain,35.3
2026-04-28 13:44:51,Node B (Rucher),Temp Ext,27.0
2026-04-28 13:44:51,Node B (Rucher),Humidité Ext,65.7
2026-04-28 13:46:41,Node A (Pompe),Humidité Sol,35.5
2026-04-28 13:46:41,Node A (Pompe),Pression,0.9
2026-04-28 13:46:41,Node A (Pompe),Débit,3.3
2026-04-28 13:46:41,Node A (Pompe),Temp Sol,22.8
2026-04-28 13:46:41,Node B (Rucher),Poids Ruche,45.3
2026-04-28 13:46:41,Node B (Rucher),Temp Couvain,34.6
2026-04-28 13:46:41,Node B (Rucher),Temp Ext,30.0
2026-04-28 13:46:41,Node B (Rucher),Humidité Ext,53.7
2026-04-28 13:47:39,Node A (Pompe),Humidité Sol,56.7
2026-04-28 13:47:39,Node A (Pompe),Pression,0.2
2026-04-28 13:47:39,Node A (Pompe),Débit,13.4
2026-04-28 13:47:39,Node A (Pompe),Temp Sol,24.8
2026-04-28 13:47:39,Node B (Rucher),Poids Ruche,43.7
2026-04-28 13:47:39,Node B (Rucher),Temp Couvain,35.5
2026-04-28 13:47:39,Node B (Rucher),Temp Ext,24.6
2026-04-28 13:47:39,Node B (Rucher),Humidité Ext,54.8
2026-04-28 13:49:05,Node A (Pompe),Humidité Sol,57.7
2026-04-28 13:49:05,Node A (Pompe),Pression,0.3
2026-04-28 13:49:05,Node A (Pompe),Débit,21.4
2026-04-28 13:49:05,Node A (Pompe),Temp Sol,23.0
2026-04-28 13:49:05,Node B (Rucher),Poids Ruche,44.1
2026-04-28 13:49:05,Node B (Rucher),Temp Couvain,35.8
2026-04-28 13:49:05,Node B (Rucher),Temp Ext,25.4
2026-04-28 13:49:05,Node B (Rucher),Humidité Ext,70.0
2026-04-28 13:49:23,Node A (Pompe),Humidité Sol,50.6
2026-04-28 13:49:23,Node A (Pompe),Pression,0.8
2026-04-28 13:49:23,Node A (Pompe),Débit,8.7
2026-04-28 13:49:23,Node A (Pompe),Temp Sol,24.0
2026-04-28 13:49:23,Node B (Rucher),Poids Ruche,43.0
2026-04-28 13:49:23,Node B (Rucher),Temp Couvain,34.5
2026-04-28 13:49:23,Node B (Rucher),Temp Ext,22.5
2026-04-28 13:49:23,Node B (Rucher),Humidité Ext,51.6
2026-04-28 13:51:58,Node A (Pompe),Humidité Sol,42.8
2026-04-28 13:51:58,Node A (Pompe),Pression,0.2
2026-04-28 13:51:58,Node A (Pompe),Débit,14.8
2026-04-28 13:51:58,Node A (Pompe),Temp Sol,21.6
2026-05-02 20:37:21,NODE_A,soil,15.2381
2026-05-02 20:37:21,NODE_A,pressure,5.9458
2026-05-02 20:37:21,NODE_A,flow,9.6996
2026-05-02 20:37:21,NODE_A,temp,22.0
2026-05-02 20:37:21,NODE_A,pump,0.0
2026-05-02 20:37:21,NODE_A,valve,0.0
2026-05-02 20:37:21,NODE_A,fault,1.0
2026-05-02 20:37:27,NODE_A,soil,20.2686
2026-05-02 20:37:27,NODE_A,pressure,5.7758
2026-05-02 20:37:27,NODE_A,flow,9.5971
2026-05-02 20:37:27,NODE_A,temp,22.0
2026-05-02 20:37:27,NODE_A,pump,0.0
2026-05-02 20:37:28,NODE_A,valve,0.0
2026-05-02 20:37:28,NODE_A,fault,1.0
2026-05-02 20:37:34,NODE_A,soil,26.0806
2026-05-02 20:37:34,NODE_A,pressure,5.3744
2026-05-02 20:37:34,NODE_A,flow,10.5861
2026-05-02 20:37:34,NODE_A,temp,22.0
2026-05-02 20:37:34,NODE_A,pump,0.0
2026-05-02 20:37:34,NODE_A,valve,0.0
2026-05-02 20:37:34,NODE_A,fault,1.0
2026-05-02 20:37:40,NODE_A,soil,28.1074
2026-05-02 20:37:40,NODE_A,pressure,5.1985
2026-05-02 20:37:40,NODE_A,flow,10.7766
2026-05-02 20:37:40,NODE_A,temp,22.0
2026-05-02 20:37:40,NODE_A,pump,0.0
2026-05-02 20:37:40,NODE_A,valve,0.0
2026-05-02 20:37:40,NODE_A,fault,1.0
2026-05-02 20:37:46,NODE_A,soil,33.6996
2026-05-02 20:37:46,NODE_A,pressure,5.7905
2026-05-02 20:37:46,NODE_A,flow,10.4982
2026-05-02 20:37:46,NODE_A,temp,22.0
2026-05-02 20:37:46,NODE_A,pump,0.0
2026-05-02 20:37:46,NODE_A,valve,0.0
2026-05-02 20:37:46,NODE_A,fault,1.0
2026-05-02 20:37:52,NODE_A,soil,38.4371
2026-05-02 20:37:52,NODE_A,pressure,5.4212
2026-05-02 20:37:52,NODE_A,flow,10.293
2026-05-02 20:37:52,NODE_A,temp,22.0
2026-05-02 20:37:52,NODE_A,pump,0.0
2026-05-02 20:37:52,NODE_A,valve,0.0
2026-05-02 20:37:53,NODE_A,fault,1.0
2026-05-02 20:37:58,NODE_A,soil,39.0476
2026-05-02 20:37:58,NODE_A,pressure,5.8901
2026-05-02 20:37:58,NODE_A,flow,10.8278
2026-05-02 20:37:58,NODE_A,temp,22.0
2026-05-02 20:37:58,NODE_A,pump,0.0
2026-05-02 20:37:58,NODE_A,valve,0.0
2026-05-02 20:37:58,NODE_A,fault,1.0
2026-05-02 20:38:15,NODE_B,weight,15.9341
2026-05-02 20:38:15,NODE_B,hive_temp,22.0
2026-05-02 20:38:15,NODE_B,ext_temp,24.0
2026-05-02 20:38:15,NODE_B,ext_hum,40.0
2026-05-02 20:38:26,NODE_B,weight,17.2772
2026-05-02 20:38:26,NODE_B,hive_temp,22.0
2026-05-02 20:38:26,NODE_B,ext_temp,24.0
2026-05-02 20:38:26,NODE_B,ext_hum,40.0
2026-05-02 20:38:37,NODE_B,weight,17.619
2026-05-02 20:38:37,NODE_B,hive_temp,22.0
2026-05-02 20:38:37,NODE_B,ext_temp,24.0
2026-05-02 20:38:37,NODE_B,ext_hum,40.0
2026-05-02 20:38:48,NODE_B,weight,18.8278
2026-05-02 20:38:48,NODE_B,hive_temp,22.0
2026-05-02 20:38:48,NODE_B,ext_temp,24.0
2026-05-02 20:38:48,NODE_B,ext_hum,40.0
2026-05-02 20:38:59,NODE_B,weight,19.1087
2026-05-02 20:38:59,NODE_B,hive_temp,22.0
2026-05-02 20:38:59,NODE_B,ext_temp,42.8
2026-05-02 20:38:59,NODE_B,ext_hum,40.0
2026-05-02 20:39:10,NODE_B,weight,20.7448
2026-05-02 20:39:10,NODE_B,hive_temp,22.0
2026-05-02 20:39:10,NODE_B,ext_temp,42.8
2026-05-02 20:39:10,NODE_B,ext_hum,40.0
2026-05-02 20:39:21,NODE_B,weight,23.0891
2026-05-02 20:39:21,NODE_B,hive_temp,22.0
2026-05-02 20:39:21,NODE_B,ext_temp,42.8
2026-05-02 20:39:21,NODE_B,ext_hum,40.0
2026-05-02 20:39:32,NODE_B,weight,21.8559
2026-05-02 20:39:32,NODE_B,hive_temp,22.0
2026-05-02 20:39:32,NODE_B,ext_temp,42.8
2026-05-02 20:39:32,NODE_B,ext_hum,40.0
2026-05-02 20:39:43,NODE_B,weight,19.7924
2026-05-02 20:39:43,NODE_B,hive_temp,22.0
2026-05-02 20:39:43,NODE_B,ext_temp,42.8
2026-05-02 20:39:43,NODE_B,ext_hum,40.0
2026-05-02 20:39:52,NODE_A,soil,85.9829
2026-05-02 20:39:52,NODE_A,pressure,6.3824
2026-05-02 20:39:52,NODE_A,flow,12.5934
2026-05-02 20:39:52,NODE_A,temp,22.0
2026-05-02 20:39:53,NODE_A,pump,0.0
2026-05-02 20:39:53,NODE_A,valve,0.0
2026-05-02 20:39:53,NODE_A,fault,1.0
2026-05-02 20:39:58,NODE_A,soil,79.0965
2026-05-02 20:39:58,NODE_A,pressure,6.6256
2026-05-02 20:39:58,NODE_A,flow,13.6264
2026-05-02 20:39:58,NODE_A,temp,22.0
2026-05-02 20:39:58,NODE_A,pump,0.0
2026-05-02 20:39:59,NODE_A,valve,0.0
2026-05-02 20:39:59,NODE_A,fault,1.0
2026-05-02 20:40:04,NODE_A,soil,75.2869
2026-05-02 20:40:04,NODE_A,pressure,7.0095
2026-05-02 20:40:04,NODE_A,flow,15.1355
2026-05-02 20:40:04,NODE_A,temp,22.0
2026-05-02 20:40:04,NODE_A,pump,0.0
2026-05-02 20:40:04,NODE_A,valve,0.0
2026-05-02 20:40:05,NODE_A,fault,1.0
2026-05-02 20:40:10,NODE_A,soil,69.1331
2026-05-02 20:40:10,NODE_A,pressure,7.3758
2026-05-02 20:40:10,NODE_A,flow,16.0879
2026-05-02 20:40:10,NODE_A,temp,22.0
2026-05-02 20:40:10,NODE_A,pump,0.0
2026-05-02 20:40:10,NODE_A,valve,0.0
2026-05-02 20:40:10,NODE_A,fault,1.0
2026-05-02 20:40:16,NODE_A,soil,63.4188
2026-05-02 20:40:16,NODE_A,pressure,7.6982
2026-05-02 20:40:16,NODE_A,flow,14.6081
2026-05-02 20:40:16,NODE_A,temp,22.0
2026-05-02 20:40:16,NODE_A,pump,0.0
2026-05-02 20:40:16,NODE_A,valve,0.0
2026-05-02 20:40:17,NODE_A,fault,1.0
2026-05-02 20:40:22,NODE_A,soil,64.5665
2026-05-02 20:40:22,NODE_A,pressure,7.074
2026-05-02 20:40:22,NODE_A,flow,15.2381
2026-05-02 20:40:22,NODE_A,temp,22.0
2026-05-02 20:40:22,NODE_A,pump,0.0
2026-05-02 20:40:22,NODE_A,valve,0.0
2026-05-02 20:40:22,NODE_A,fault,1.0
2026-05-02 20:40:28,NODE_A,soil,65.8608
2026-05-02 20:40:28,NODE_A,pressure,7.5223
2026-05-02 20:40:28,NODE_A,flow,14.8498
2026-05-02 20:40:28,NODE_A,temp,22.0
2026-05-02 20:40:28,NODE_A,pump,0.0
2026-05-02 20:40:28,NODE_A,valve,0.0
2026-05-02 20:40:28,NODE_A,fault,1.0
2026-05-02 20:40:34,NODE_A,soil,62.6374
2026-05-02 20:40:34,NODE_A,pressure,7.2059
2026-05-02 20:40:34,NODE_A,flow,16.1905
2026-05-02 20:40:34,NODE_A,temp,22.0
2026-05-02 20:40:34,NODE_A,pump,0.0
2026-05-02 20:40:34,NODE_A,valve,0.0
2026-05-02 20:40:34,NODE_A,fault,1.0
2026-05-02 20:43:35,NODE_A,soil,63.37
2026-05-02 20:43:35,NODE_A,pressure,6.8044
2026-05-02 20:43:35,NODE_A,flow,15.0769
2026-05-02 20:43:35,NODE_A,temp,22.0
2026-05-02 20:43:35,NODE_A,pump,0.0
2026-05-02 20:43:35,NODE_A,valve,0.0
2026-05-02 20:43:35,NODE_A,fault,1.0
2026-05-02 20:43:45,NODE_A,soil,23.956
2026-05-02 20:43:45,NODE_A,pressure,2.7897
2026-05-02 20:43:45,NODE_A,flow,16.2051
2026-05-02 20:43:45,NODE_A,temp,22.0
2026-05-02 20:43:46,NODE_A,pump,0.0
2026-05-02 20:43:46,NODE_A,valve,0.0
2026-05-02 20:43:46,NODE_A,fault,1.0
2026-05-02 20:43:51,NODE_A,soil,21.5873
2026-05-02 20:43:51,NODE_A,pressure,3.5077
2026-05-02 20:43:51,NODE_A,flow,15.326
2026-05-02 20:43:51,NODE_A,temp,22.0
2026-05-02 20:43:51,NODE_A,pump,0.0
2026-05-02 20:43:52,NODE_A,valve,0.0
2026-05-02 20:43:52,NODE_A,fault,1.0
2026-05-02 20:43:57,NODE_A,soil,28.4737
2026-05-02 20:43:57,NODE_A,pressure,3.5516
2026-05-02 20:43:57,NODE_A,flow,14.1465
2026-05-02 20:43:57,NODE_A,temp,22.0
2026-05-02 20:43:57,NODE_A,pump,0.0
2026-05-02 20:43:57,NODE_A,valve,0.0
2026-05-02 20:43:58,NODE_A,fault,1.0
2026-05-02 20:44:03,NODE_A,soil,28.9621
2026-05-02 20:44:03,NODE_A,pressure,4.2081
2026-05-02 20:44:03,NODE_A,flow,12.8132
2026-05-02 20:44:04,NODE_A,temp,22.0
2026-05-02 20:44:04,NODE_A,pump,0.0
2026-05-02 20:44:04,NODE_A,valve,0.0
2026-05-02 20:55:44,NODE_B,weight,42.1734
2026-05-02 20:55:44,NODE_B,hive_temp,22.0
2026-05-02 20:55:44,NODE_B,ext_temp,24.0
2026-05-02 20:55:44,NODE_B,ext_hum,40.0
2026-05-02 20:55:56,NODE_B,weight,41.2454
2026-05-02 20:55:56,NODE_B,hive_temp,22.0
2026-05-02 20:55:56,NODE_B,ext_temp,24.0
2026-05-02 20:55:56,NODE_B,ext_hum,40.0
2026-05-02 20:56:08,NODE_B,weight,38.6203
2026-05-02 20:56:08,NODE_B,hive_temp,22.0
2026-05-02 20:56:08,NODE_B,ext_temp,24.0
2026-05-02 20:56:08,NODE_B,ext_hum,40.0
2026-05-02 20:56:19,NODE_B,weight,38.9499
2026-05-02 20:56:19,NODE_B,hive_temp,22.0
2026-05-02 20:56:19,NODE_B,ext_temp,24.0
2026-05-02 20:56:19,NODE_B,ext_hum,40.0
2026-05-02 20:56:30,NODE_B,weight,38.486
2026-05-02 20:56:31,NODE_B,hive_temp,22.0
2026-05-02 20:56:31,NODE_B,ext_temp,24.0
2026-05-02 20:56:31,NODE_B,ext_hum,40.0
2026-05-02 20:56:42,NODE_B,weight,36.3858
2026-05-02 20:56:42,NODE_B,hive_temp,125.0
2026-05-02 20:56:42,NODE_B,ext_temp,24.0
2026-05-02 20:56:43,NODE_B,ext_hum,40.0
2026-05-02 20:56:54,NODE_B,weight,35.2015
2026-05-02 20:56:54,NODE_B,hive_temp,125.0
2026-05-02 20:56:54,NODE_B,ext_temp,24.0
2026-05-02 20:56:54,NODE_B,ext_hum,40.0
2026-05-04 10:55:40,NODE_A,soil,29.4261
2026-05-04 10:55:40,NODE_A,pressure,8.0821
2026-05-04 10:55:40,NODE_A,flow,6.4249
2026-05-04 10:55:40,NODE_A,temp,22.0
2026-05-04 10:55:40,NODE_A,pump,0.0
2026-05-04 10:55:40,NODE_A,valve,0.0
2026-05-04 10:55:40,NODE_A,fault,1.0
2026-05-04 10:55:46,NODE_A,soil,28.083
2026-05-04 10:55:46,NODE_A,pressure,8.0703
2026-05-04 10:55:46,NODE_A,flow,6.337
2026-05-04 10:55:46,NODE_A,temp,22.0
2026-05-04 10:55:46,NODE_A,pump,0.0
2026-05-04 10:55:46,NODE_A,valve,0.0
2026-05-04 10:55:47,NODE_A,fault,1.0
2026-05-04 10:55:52,NODE_A,soil,35.0916
2026-05-04 10:55:52,NODE_A,pressure,8.2198
2026-05-04 10:55:52,NODE_A,flow,8.1685
2026-05-04 10:55:52,NODE_A,temp,22.0
2026-05-04 10:55:52,NODE_A,pump,0.0
2026-05-04 10:55:52,NODE_A,valve,0.0
2026-05-04 10:55:53,NODE_A,fault,1.0
2026-05-04 10:55:59,NODE_A,soil,37.4603
2026-05-04 10:55:59,NODE_A,pressure,7.6044
2026-05-04 10:55:59,NODE_A,flow,8.1172
2026-05-04 10:55:59,NODE_A,temp,22.0
2026-05-04 10:55:59,NODE_A,pump,0.0
2026-05-04 10:55:59,NODE_A,valve,0.0
2026-05-04 10:55:59,NODE_A,fault,1.0
2026-05-04 10:56:06,NODE_A,soil,34.9206
2026-05-04 10:56:07,NODE_A,pressure,7.0681
2026-05-04 10:56:07,NODE_A,flow,10.0806
2026-05-04 10:56:07,NODE_A,temp,22.0
2026-05-04 10:56:07,NODE_A,pump,0.0
2026-05-04 10:56:07,NODE_A,valve,0.0
2026-05-04 10:56:07,NODE_A,fault,1.0
2026-05-04 10:56:14,NODE_A,soil,40.9768
2026-05-04 10:56:14,NODE_A,pressure,6.7399
2026-05-04 10:56:14,NODE_A,flow,9.5092
2026-05-04 10:56:14,NODE_A,temp,22.0
2026-05-04 10:56:14,NODE_A,pump,0.0
2026-05-04 10:56:14,NODE_A,valve,0.0
2026-05-04 10:56:14,NODE_A,fault,1.0
2026-05-04 10:56:21,NODE_A,soil,45.8608
2026-05-04 10:56:21,NODE_A,pressure,6.5875
2026-05-04 10:56:21,NODE_A,flow,10.9451
2026-05-04 10:56:22,NODE_A,temp,22.0
2026-05-04 10:56:22,NODE_A,pump,0.0
2026-05-04 10:56:22,NODE_A,valve,0.0
2026-05-04 10:56:22,NODE_A,fault,1.0
2026-05-04 10:56:28,NODE_A,soil,50.5006
2026-05-04 10:56:28,NODE_A,pressure,6.2066
2026-05-04 10:56:28,NODE_A,flow,12.0073
2026-05-04 10:56:28,NODE_A,temp,22.0
2026-05-04 10:56:28,NODE_A,pump,0.0
2026-05-04 10:56:29,NODE_A,valve,0.0
2026-05-04 10:56:29,NODE_A,fault,1.0
2026-05-04 10:56:35,NODE_A,soil,47.5702
2026-05-04 10:56:35,NODE_A,pressure,5.9516
2026-05-04 10:56:35,NODE_A,flow,12.989
2026-05-04 10:56:35,NODE_A,temp,22.0
2026-05-04 10:56:35,NODE_A,pump,0.0
2026-05-04 10:56:36,NODE_A,valve,0.0
2026-05-04 10:56:36,NODE_A,fault,1.0
2026-05-04 10:56:42,NODE_A,soil,50.9646
2026-05-04 10:56:42,NODE_A,pressure,6.5495
2026-05-04 10:56:42,NODE_A,flow,13.3993
2026-05-04 10:56:42,NODE_A,temp,22.0
2026-05-04 10:56:43,NODE_A,pump,0.0
2026-05-04 10:56:43,NODE_A,valve,0.0
2026-05-04 10:56:43,NODE_A,fault,1.0
2026-05-04 10:56:49,NODE_A,soil,52.1612
2026-05-04 10:56:49,NODE_A,pressure,6.2037
2026-05-04 10:56:49,NODE_A,flow,14.7473
2026-05-04 10:56:50,NODE_A,temp,22.0
2026-05-04 10:56:50,NODE_A,pump,0.0
2026-05-04 10:56:50,NODE_A,valve,0.0
2026-05-04 10:56:51,NODE_A,fault,1.0
2026-05-04 10:56:56,NODE_A,soil,49.2063
2026-05-04 10:56:56,NODE_A,pressure,5.8579
2026-05-04 10:56:57,NODE_A,flow,14.5641
2026-05-04 10:56:57,NODE_A,temp,22.0
2026-05-04 10:56:57,NODE_A,pump,0.0
2026-05-04 10:56:57,NODE_A,valve,0.0
2026-05-04 10:56:57,NODE_A,fault,1.0
2026-05-04 10:57:03,NODE_A,soil,52.7473
2026-05-04 10:57:03,NODE_A,pressure,5.4476
2026-05-04 10:57:04,NODE_A,flow,15.8095
2026-05-04 10:57:04,NODE_A,temp,22.0
2026-05-04 10:57:04,NODE_A,pump,0.0
2026-05-04 10:57:04,NODE_A,valve,0.0
2026-05-04 10:57:04,NODE_A,fault,1.0
2026-05-04 10:57:11,NODE_A,soil,49.6703
2026-05-04 10:57:11,NODE_A,pressure,4.9934
2026-05-04 10:57:11,NODE_A,flow,15.4505
2026-05-04 10:57:11,NODE_A,temp,22.0
2026-05-04 10:57:11,NODE_A,pump,0.0
2026-05-04 10:57:11,NODE_A,valve,0.0
2026-05-04 10:57:11,NODE_A,fault,1.0
2026-05-04 10:57:18,NODE_A,soil,53.6996
2026-05-04 10:57:18,NODE_A,pressure,4.8879
2026-05-04 10:57:18,NODE_A,flow,16.7473
2026-05-04 10:57:18,NODE_A,temp,22.0
2026-05-04 10:57:18,NODE_A,pump,0.0
2026-05-04 10:57:18,NODE_A,valve,0.0
2026-05-04 10:57:18,NODE_A,fault,1.0
2026-05-04 10:57:25,NODE_A,soil,56.5568
2026-05-04 10:57:25,NODE_A,pressure,4.7619
2026-05-04 10:57:25,NODE_A,flow,16.022
2026-05-04 10:57:25,NODE_A,temp,22.0
2026-05-04 10:57:25,NODE_A,pump,0.0
2026-05-04 10:57:26,NODE_A,valve,0.0
2026-05-04 10:57:26,NODE_A,fault,1.0
2026-05-04 10:57:32,NODE_A,soil,53.7241
2026-05-04 10:57:32,NODE_A,pressure,4.5802
2026-05-04 10:57:32,NODE_A,flow,16.2857
2026-05-04 10:57:32,NODE_A,temp,22.0
2026-05-04 10:57:33,NODE_A,pump,0.0
2026-05-04 10:57:33,NODE_A,valve,0.0
2026-05-04 10:57:33,NODE_A,fault,1.0
2026-05-04 10:57:39,NODE_A,soil,55.5067
2026-05-04 10:57:39,NODE_A,pressure,4.8322
2026-05-04 10:57:39,NODE_A,flow,17.4725
2026-05-04 10:57:39,NODE_A,temp,22.0
2026-05-04 10:57:40,NODE_A,pump,0.0
2026-05-04 10:57:40,NODE_A,valve,0.0
2026-05-04 10:57:40,NODE_A,fault,1.0
2026-05-04 10:57:46,NODE_A,soil,58.4615
2026-05-04 10:57:46,NODE_A,pressure,4.5568
2026-05-04 10:57:46,NODE_A,flow,17.348
2026-05-04 10:57:47,NODE_A,temp,22.0
2026-05-04 10:57:47,NODE_A,pump,0.0
2026-05-04 10:57:47,NODE_A,valve,0.0
2026-05-04 10:57:47,NODE_A,fault,1.0
2026-05-04 10:57:53,NODE_A,soil,54.2613
2026-05-04 10:57:53,NODE_A,pressure,5.1077
2026-05-04 10:57:53,NODE_A,flow,16.989
2026-05-04 10:57:54,NODE_A,temp,22.0
2026-05-04 10:57:54,NODE_A,pump,0.0
2026-05-04 10:57:54,NODE_A,valve,0.0
2026-05-04 10:57:54,NODE_A,fault,1.0
2026-05-04 10:58:01,NODE_A,soil,54.9939
2026-05-04 10:58:01,NODE_A,pressure,5.3656
2026-05-04 10:58:01,NODE_A,flow,15.348
2026-05-04 10:58:01,NODE_A,temp,22.0
2026-05-04 10:58:01,NODE_A,pump,0.0
2026-05-04 10:58:01,NODE_A,valve,0.0
2026-05-04 10:58:01,NODE_A,fault,1.0
2026-05-04 10:58:06,NODE_A,soil,50.0611
2026-05-04 10:58:07,NODE_A,pressure,5.5502
2026-05-04 10:58:07,NODE_A,flow,15.5092
2026-05-04 10:58:07,NODE_A,temp,22.0
2026-05-04 10:58:07,NODE_A,pump,0.0
2026-05-04 10:58:07,NODE_A,valve,0.0
2026-05-04 10:58:07,NODE_A,fault,1.0
2026-05-04 10:58:12,NODE_A,soil,51.8193
2026-05-04 10:58:13,NODE_A,pressure,5.4828
2026-05-04 10:58:13,NODE_A,flow,14.4542
2026-05-04 10:58:13,NODE_A,temp,22.0
2026-05-04 10:58:13,NODE_A,pump,0.0
2026-05-04 10:58:13,NODE_A,valve,0.0
2026-05-04 10:58:13,NODE_A,fault,1.0
2026-05-04 10:58:18,NODE_A,soil,48.7912
2026-05-04 10:58:18,NODE_A,pressure,5.7758
2026-05-04 10:58:18,NODE_A,flow,13.0549
2026-05-04 10:58:19,NODE_A,temp,22.0
2026-05-04 10:58:19,NODE_A,pump,0.0
2026-05-04 10:58:19,NODE_A,valve,0.0
2026-05-04 10:58:19,NODE_A,fault,1.0
2026-05-04 10:58:24,NODE_A,soil,45.5189
2026-05-04 10:58:24,NODE_A,pressure,5.3421
2026-05-04 10:58:24,NODE_A,flow,13.1648
2026-05-04 10:58:24,NODE_A,temp,22.0
2026-05-04 10:58:24,NODE_A,pump,0.0
2026-05-04 10:58:25,NODE_A,valve,0.0
2026-05-04 10:58:25,NODE_A,fault,1.0
2026-05-04 10:58:30,NODE_A,soil,42.1245
2026-05-04 10:58:31,NODE_A,pressure,5.4886
2026-05-04 10:58:31,NODE_A,flow,12.1392
2026-05-04 10:58:31,NODE_A,temp,22.0
2026-05-04 10:58:31,NODE_A,pump,0.0
2026-05-04 10:58:31,NODE_A,valve,0.0
2026-05-04 10:58:31,NODE_A,fault,1.0
2026-05-04 10:58:36,NODE_A,soil,41.1477
2026-05-04 10:58:36,NODE_A,pressure,5.3597
2026-05-04 10:58:36,NODE_A,flow,12.2564
2026-05-04 10:58:36,NODE_A,temp,22.0
2026-05-04 10:58:36,NODE_A,pump,0.0
2026-05-04 10:58:36,NODE_A,valve,0.0
2026-05-04 10:58:36,NODE_A,fault,1.0
2026-05-04 10:58:42,NODE_A,soil,44.3468
2026-05-04 10:58:42,NODE_A,pressure,4.8762
2026-05-04 10:58:42,NODE_A,flow,12.2418
2026-05-04 10:58:42,NODE_A,temp,22.0
2026-05-04 10:58:42,NODE_A,pump,0.0
2026-05-04 10:58:42,NODE_A,valve,0.0
2026-05-04 10:58:42,NODE_A,fault,1.0
2026-05-04 10:58:48,NODE_A,soil,43.9316
2026-05-04 10:58:48,NODE_A,pressure,4.4337
2026-05-04 10:58:48,NODE_A,flow,12.1172
2026-05-04 10:58:48,NODE_A,temp,22.0
2026-05-04 10:58:48,NODE_A,pump,0.0
2026-05-04 10:58:48,NODE_A,valve,0.0
2026-05-04 10:58:48,NODE_A,fault,1.0
2026-05-04 10:58:53,NODE_A,soil,42.4908
2026-05-04 10:58:53,NODE_A,pressure,5.0227
2026-05-04 10:58:54,NODE_A,flow,11.641
2026-05-04 10:58:54,NODE_A,temp,22.0
2026-05-04 10:58:54,NODE_A,pump,0.0
2026-05-04 10:58:54,NODE_A,valve,0.0
2026-05-04 10:58:54,NODE_A,fault,1.0
2026-05-04 10:58:59,NODE_A,soil,48.083
2026-05-04 10:59:00,NODE_A,pressure,5.2571
2026-05-04 10:59:00,NODE_A,flow,10.5348
2026-05-04 10:59:00,NODE_A,temp,22.0
2026-05-04 10:59:00,NODE_A,pump,0.0
2026-05-04 10:59:00,NODE_A,valve,0.0
2026-05-04 10:59:01,NODE_A,fault,1.0
2026-05-04 10:59:05,NODE_A,soil,46.9353
2026-05-04 10:59:05,NODE_A,pressure,4.8674
2026-05-04 10:59:05,NODE_A,flow,10.8205
2026-05-04 10:59:05,NODE_A,temp,22.0
2026-05-04 10:59:05,NODE_A,pump,0.0
2026-05-04 10:59:06,NODE_A,valve,0.0
2026-05-04 10:59:06,NODE_A,fault,1.0
2026-05-04 10:59:11,NODE_A,soil,51.4774
2026-05-04 10:59:11,NODE_A,pressure,4.674
2026-05-04 10:59:11,NODE_A,flow,10.3883
2026-05-04 10:59:11,NODE_A,temp,22.0
2026-05-04 10:59:11,NODE_A,pump,0.0
2026-05-04 10:59:11,NODE_A,valve,0.0
2026-05-04 10:59:11,NODE_A,fault,1.0
2026-05-04 10:59:17,NODE_A,soil,54.7009
2026-05-04 10:59:17,NODE_A,pressure,4.5714
2026-05-04 10:59:17,NODE_A,flow,9.619
2026-05-04 10:59:17,NODE_A,temp,22.0
2026-05-04 10:59:17,NODE_A,pump,0.0
2026-05-04 10:59:17,NODE_A,valve,0.0
2026-05-04 10:59:17,NODE_A,fault,1.0
2026-05-04 10:59:23,NODE_A,soil,53.138
2026-05-04 10:59:23,NODE_A,pressure,5.1722
2026-05-04 10:59:23,NODE_A,flow,10.1978
2026-05-04 10:59:23,NODE_A,temp,22.0
2026-05-04 10:59:23,NODE_A,pump,0.0
2026-05-04 10:59:23,NODE_A,valve,0.0
2026-05-04 10:59:23,NODE_A,fault,1.0
2026-05-04 10:59:28,NODE_A,soil,50.2564
2026-05-04 10:59:29,NODE_A,pressure,5.5502
2026-05-04 10:59:29,NODE_A,flow,9.9634
2026-05-04 10:59:29,NODE_A,temp,22.0
2026-05-04 10:59:29,NODE_A,pump,0.0
2026-05-04 10:59:29,NODE_A,valve,0.0
2026-05-04 10:59:29,NODE_A,fault,1.0
2026-05-04 10:59:34,NODE_A,soil,48.9622
2026-05-04 10:59:34,NODE_A,pressure,5.2337
2026-05-04 10:59:34,NODE_A,flow,11.7436
2026-05-04 10:59:35,NODE_A,temp,22.0
2026-05-04 10:59:35,NODE_A,pump,0.0
2026-05-04 10:59:35,NODE_A,valve,0.0
2026-05-04 10:59:35,NODE_A,fault,1.0
2026-05-04 10:59:41,NODE_A,soil,45.6899
2026-05-04 10:59:41,NODE_A,pressure,5.7114
2026-05-04 10:59:41,NODE_A,flow,13.326
2026-05-04 10:59:41,NODE_A,temp,22.0
2026-05-04 10:59:41,NODE_A,pump,0.0
2026-05-04 10:59:41,NODE_A,valve,0.0
2026-05-04 10:59:41,NODE_A,fault,1.0
2026-05-04 10:59:46,NODE_A,soil,46.2515
2026-05-04 10:59:46,NODE_A,pressure,5.1429
2026-05-04 10:59:46,NODE_A,flow,12.6886
2026-05-04 10:59:46,NODE_A,temp,22.0
2026-05-04 10:59:46,NODE_A,pump,0.0
2026-05-04 10:59:47,NODE_A,valve,0.0
2026-05-04 10:59:47,NODE_A,fault,1.0
2026-05-04 10:59:52,NODE_A,soil,47.9365
2026-05-04 10:59:52,NODE_A,pressure,5.4652
2026-05-04 10:59:52,NODE_A,flow,13.4212
2026-05-04 10:59:52,NODE_A,temp,22.0
2026-05-04 10:59:52,NODE_A,pump,0.0
2026-05-04 10:59:52,NODE_A,valve,0.0
2026-05-04 10:59:52,NODE_A,fault,1.0
2026-05-04 10:59:58,NODE_A,soil,45.0061
2026-05-04 10:59:58,NODE_A,pressure,5.222
2026-05-04 10:59:58,NODE_A,flow,12.7399
2026-05-04 10:59:58,NODE_A,temp,22.0
2026-05-04 10:59:58,NODE_A,pump,0.0
2026-05-04 10:59:59,NODE_A,valve,0.0
2026-05-04 10:59:59,NODE_A,fault,1.0
2026-05-04 11:00:04,NODE_A,soil,42.149
2026-05-04 11:00:04,NODE_A,pressure,5.4037
2026-05-04 11:00:04,NODE_A,flow,13.0549
2026-05-04 11:00:04,NODE_A,temp,22.0
2026-05-04 11:00:04,NODE_A,pump,0.0
2026-05-04 11:00:04,NODE_A,valve,0.0
2026-05-04 11:00:04,NODE_A,fault,1.0
2026-05-04 11:00:09,NODE_A,soil,45.6166
2026-05-04 11:00:10,NODE_A,pressure,5.2542
2026-05-04 11:00:10,NODE_A,flow,12.4396
2026-05-04 11:00:10,NODE_A,temp,22.0
2026-05-04 11:00:10,NODE_A,pump,0.0
2026-05-04 11:00:10,NODE_A,valve,0.0
2026-05-04 11:00:11,NODE_A,fault,1.0
2026-05-04 11:00:15,NODE_A,soil,42.0513
2026-05-04 11:00:15,NODE_A,pressure,4.9641
2026-05-04 11:00:16,NODE_A,flow,11.4212
2026-05-04 11:00:16,NODE_A,temp,22.0
2026-05-04 11:00:16,NODE_A,pump,0.0
2026-05-04 11:00:16,NODE_A,valve,0.0
2026-05-04 11:00:16,NODE_A,fault,1.0
2026-05-04 11:00:21,NODE_A,soil,39.707
2026-05-04 11:00:21,NODE_A,pressure,4.4894
2026-05-04 11:00:21,NODE_A,flow,12.9304
2026-05-04 11:00:22,NODE_A,temp,22.0
2026-05-04 11:00:22,NODE_A,pump,0.0
2026-05-04 11:00:22,NODE_A,valve,0.0
2026-05-04 11:00:22,NODE_A,fault,1.0
2026-05-04 11:00:27,NODE_A,soil,44.4444
2026-05-04 11:00:27,NODE_A,pressure,4.17
2026-05-04 11:00:27,NODE_A,flow,11.9267
2026-05-04 11:00:27,NODE_A,temp,22.0
2026-05-04 11:00:28,NODE_A,pump,0.0
2026-05-04 11:00:28,NODE_A,valve,0.0
2026-05-04 11:00:28,NODE_A,fault,1.0
2026-05-04 11:00:34,NODE_A,soil,42.4176
2026-05-04 11:00:34,NODE_A,pressure,4.5011
2026-05-04 11:00:34,NODE_A,flow,10.9377
2026-05-04 11:00:35,NODE_A,temp,22.0
2026-05-04 11:00:35,NODE_A,pump,0.0
2026-05-04 11:00:35,NODE_A,valve,0.0
2026-05-04 11:00:35,NODE_A,fault,1.0
2026-05-04 11:00:41,NODE_A,soil,40.6349
2026-05-04 11:00:41,NODE_A,pressure,4.4484
2026-05-04 11:00:41,NODE_A,flow,11.5604
2026-05-04 11:00:41,NODE_A,temp,22.0
2026-05-04 11:00:41,NODE_A,pump,0.0
2026-05-04 11:00:41,NODE_A,valve,0.0
2026-05-04 11:00:41,NODE_A,fault,1.0
2026-05-04 11:00:46,NODE_A,soil,42.2222
2026-05-04 11:00:46,NODE_A,pressure,4.5275
2026-05-04 11:00:46,NODE_A,flow,10.4396
2026-05-04 11:00:46,NODE_A,temp,22.0
2026-05-04 11:00:46,NODE_A,pump,0.0
2026-05-04 11:00:46,NODE_A,valve,0.0
2026-05-04 11:00:47,NODE_A,fault,1.0
2026-05-04 11:00:52,NODE_A,soil,41.685
2026-05-04 11:00:52,NODE_A,pressure,4.3575
2026-05-04 11:00:52,NODE_A,flow,11.1209
2026-05-04 11:00:52,NODE_A,temp,22.0
2026-05-04 11:00:52,NODE_A,pump,0.0
2026-05-04 11:00:52,NODE_A,valve,0.0
2026-05-04 11:00:53,NODE_A,fault,1.0
2026-05-04 11:00:58,NODE_A,soil,42.6862
2026-05-04 11:00:58,NODE_A,pressure,4.5656
2026-05-04 11:00:58,NODE_A,flow,12.1685
2026-05-04 11:00:58,NODE_A,temp,22.0
2026-05-04 11:00:58,NODE_A,pump,0.0
2026-05-04 11:00:58,NODE_A,valve,0.0
2026-05-04 11:00:58,NODE_A,fault,1.0
2026-05-04 11:01:04,NODE_A,soil,44.6398
2026-05-04 11:01:04,NODE_A,pressure,5.096
2026-05-04 11:01:04,NODE_A,flow,12.5568
2026-05-04 11:01:04,NODE_A,temp,22.0
2026-05-04 11:01:04,NODE_A,pump,0.0
2026-05-04 11:01:04,NODE_A,valve,0.0
2026-05-04 11:01:04,NODE_A,fault,1.0
2026-05-04 11:01:10,NODE_A,soil,44.0781
2026-05-04 11:01:10,NODE_A,pressure,5.5443
2026-05-04 11:01:10,NODE_A,flow,12.9011
2026-05-04 11:01:10,NODE_A,temp,22.0
2026-05-04 11:01:11,NODE_A,pump,0.0
2026-05-04 11:01:11,NODE_A,valve,0.0
2026-05-04 11:01:11,NODE_A,fault,1.0
2026-05-04 11:01:16,NODE_A,soil,41.978
2026-05-04 11:01:16,NODE_A,pressure,5.3685
2026-05-04 11:01:16,NODE_A,flow,13.2381
2026-05-04 11:01:16,NODE_A,temp,22.0
2026-05-04 11:01:16,NODE_A,pump,0.0
2026-05-04 11:01:16,NODE_A,valve,0.0
2026-05-04 11:01:16,NODE_A,fault,1.0
2026-05-04 11:01:22,NODE_A,soil,40.8303
2026-05-04 11:01:22,NODE_A,pressure,5.4593
2026-05-04 11:01:22,NODE_A,flow,12.4469
2026-05-04 11:01:22,NODE_A,temp,22.0
2026-05-04 11:01:22,NODE_A,pump,0.0
2026-05-04 11:01:22,NODE_A,valve,0.0
2026-05-04 11:01:22,NODE_A,fault,1.0
2026-05-04 11:01:27,NODE_A,soil,40.5861
2026-05-04 11:01:28,NODE_A,pressure,5.2659
2026-05-04 11:01:28,NODE_A,flow,11.304
2026-05-04 11:01:28,NODE_A,temp,22.0
2026-05-04 11:01:28,NODE_A,pump,0.0
2026-05-04 11:01:28,NODE_A,valve,0.0
2026-05-04 11:01:28,NODE_A,fault,1.0
2026-05-04 11:01:33,NODE_A,soil,44.8596
2026-05-04 11:01:34,NODE_A,pressure,4.9348
2026-05-04 11:01:34,NODE_A,flow,12.7912
2026-05-04 11:01:34,NODE_A,temp,22.0
2026-05-04 11:01:34,NODE_A,pump,0.0
2026-05-04 11:01:34,NODE_A,valve,0.0
2026-05-04 11:01:34,NODE_A,fault,1.0
2026-05-04 11:01:39,NODE_A,soil,44.1514
2026-05-04 11:01:39,NODE_A,pressure,4.9436
2026-05-04 11:01:40,NODE_A,flow,13.7582
2026-05-04 11:01:48,NODE_A,temp,22.0
2026-05-04 11:01:48,NODE_A,pump,0.0
2026-05-04 11:01:48,NODE_A,valve,0.0
2026-05-04 11:01:48,NODE_A,fault,1.0
2026-05-04 11:01:53,NODE_A,soil,47.2283
2026-05-04 11:01:53,NODE_A,pressure,4.7853
2026-05-04 11:01:53,NODE_A,flow,13.9927
2026-05-04 11:01:53,NODE_A,temp,22.0
2026-05-04 11:01:53,NODE_A,pump,0.0
2026-05-04 11:01:53,NODE_A,valve,0.0
2026-05-04 11:01:53,NODE_A,fault,1.0
2026-05-04 11:01:59,NODE_A,soil,45.3968
2026-05-04 11:01:59,NODE_A,pressure,4.419
2026-05-04 11:01:59,NODE_A,flow,14.2051
2026-05-04 11:01:59,NODE_A,temp,22.0
2026-05-04 11:01:59,NODE_A,pump,0.0
2026-05-04 11:02:00,NODE_A,valve,0.0
2026-05-04 11:02:00,NODE_A,fault,1.0
2026-05-04 11:02:05,NODE_A,soil,45.2259
2026-05-04 11:02:05,NODE_A,pressure,4.7297
2026-05-04 11:02:05,NODE_A,flow,14.2711
2026-05-04 11:02:05,NODE_A,temp,22.0
2026-05-04 11:02:05,NODE_A,pump,0.0
2026-05-04 11:02:05,NODE_A,valve,0.0
2026-05-04 11:02:06,NODE_A,fault,1.0
2026-05-04 11:02:11,NODE_A,soil,43.4432
2026-05-04 11:02:11,NODE_A,pressure,4.2608
2026-05-04 11:02:11,NODE_A,flow,13.7509
2026-05-04 11:02:11,NODE_A,temp,22.0
2026-05-04 11:02:11,NODE_A,pump,0.0
2026-05-04 11:02:11,NODE_A,valve,0.0
2026-05-04 11:02:11,NODE_A,fault,1.0
2026-05-04 11:02:17,NODE_A,soil,41.5629
2026-05-04 11:02:17,NODE_A,pressure,3.8857
2026-05-04 11:02:17,NODE_A,flow,13.1355
2026-05-04 11:02:18,NODE_A,temp,22.0
2026-05-04 11:02:18,NODE_A,pump,0.0
2026-05-04 11:02:18,NODE_A,valve,0.0
2026-05-04 11:02:18,NODE_A,fault,1.0
2026-05-04 11:02:23,NODE_A,soil,45.4945
2026-05-04 11:02:23,NODE_A,pressure,3.6835
2026-05-04 11:02:23,NODE_A,flow,13.4286
2026-05-04 11:02:23,NODE_A,temp,22.0
2026-05-04 11:02:23,NODE_A,pump,0.0
2026-05-04 11:02:23,NODE_A,valve,0.0
2026-05-04 11:02:23,NODE_A,fault,1.0
2026-05-04 11:02:28,NODE_A,soil,49.5727
2026-05-04 11:02:29,NODE_A,pressure,3.6747
2026-05-04 11:02:29,NODE_A,flow,15.0037
2026-05-04 11:02:29,NODE_A,temp,22.0
2026-05-04 11:02:29,NODE_A,pump,0.0
2026-05-04 11:02:29,NODE_A,valve,0.0
2026-05-04 11:02:29,NODE_A,fault,1.0
2026-05-04 11:07:56,NODE_A,soil,54.5788
2026-05-04 11:07:57,NODE_A,pressure,4.252
2026-05-04 11:07:57,NODE_A,flow,16.2125
2026-05-04 11:07:57,NODE_A,temp,22.0
2026-05-04 11:07:57,NODE_A,pump,0.0
2026-05-04 11:07:57,NODE_A,valve,0.0
2026-05-04 11:07:57,NODE_A,fault,1.0
2026-05-04 11:08:02,NODE_A,soil,51.9902
2026-05-04 11:08:02,NODE_A,pressure,3.8681
2026-05-04 11:08:03,NODE_A,flow,17.2747
2026-05-04 11:08:03,NODE_A,temp,22.0
2026-05-04 11:08:03,NODE_A,pump,0.0
2026-05-04 11:08:03,NODE_A,valve,0.0
2026-05-04 11:08:03,NODE_A,fault,1.0
2026-05-04 11:08:08,NODE_A,soil,54.2125
2026-05-04 11:08:08,NODE_A,pressure,4.5099
2026-05-04 11:08:08,NODE_A,flow,16.7985
2026-05-04 11:08:08,NODE_A,temp,22.0
2026-05-04 11:08:09,NODE_A,pump,0.0
2026-05-04 11:08:09,NODE_A,valve,0.0
2026-05-04 11:08:09,NODE_A,fault,1.0
